id_recruteur,login,mot_de_passe
1,Celestine,Lesya
2,Elga,Ynez
3,Issie,Tracey
4,Mariellen,Miranda
5,Rainer,Vittorio
6,Grove,Bryon
7,Mick,Charmian
8,Tyrone,Xever
9,Harri,Erhart
10,Teador,Laughton
11,Dieter,Kain
12,Guillermo,Linc
13,Karlan,Tobiah
14,Raquel,Genovera
15,Omar,Averil
16,Eamon,Marja
17,El,Antony
18,Elaine,Danella
19,Evangelin,Rochelle
20,Dory,Deane
21,Ade,Gloria
22,Catlin,Letty
23,Morley,Aloisia
24,Gifford,Drud
25,Vasily,Antoni
26,Phillida,Daile
27,Mellicent,Gertrudis
28,Tanney,Vergil
29,Aurelie,Riley
30,Bekki,Gretna
31,Erma,Arluene
32,Remus,Jennifer
33,Chrisy,Ibby
34,Wheeler,Pincas
35,Meara,Sher
36,Giulia,Elias
37,Osborne,Amil
38,Carmencita,Marjorie
39,Cody,Afton
40,Eli,Rickie
41,Emmanuel,Karyn
42,Leigh,Matthew
43,Aymer,Lulu
44,Jasmina,Ted
45,Rurik,Lenna
46,Danielle,Lauralee
47,Westbrook,Zita
48,Sallyanne,Fawne
49,Somerset,Humfrid
50,Vance,Paten
51,Noreen,Weber
52,Dorian,Zarla
53,Lazarus,Christan
54,Bernete,Normie
55,Tessy,Colby
56,Mahalia,Fredric
57,Brigit,Tani
58,Timoteo,Fairleigh
59,Mort,Isiahi
60,Crysta,Ilyse
61,Junina,Alard
62,Brantley,Delmer
63,Adrienne,Corabella
64,Peta,Byrom
65,Clarence,Bailey
66,Alard,Ad
67,Alessandro,Aluin
68,Gigi,Myranda
69,Somerset,Haily
70,Jodi,Gustaf
71,Eli,Sherry
72,Jessalyn,Davidde
73,Kennith,Ivette
74,Si,Bridgette
75,Clarette,Cordie
76,Normie,Erastus
77,Arabele,Augustus
78,Jeromy,Courtney
79,Elle,Janeczka
80,Kelbee,Durand
81,Raddie,Syman
82,Sheeree,Cam
83,Franchot,Merilee
84,Evanne,Elayne
85,Candice,Blaire
86,Cathyleen,Carola
87,Rosalind,Chaddie
88,Udall,Cecil
89,Kristian,Ardeen
90,Myer,Moreen
91,Galvin,Quent
92,Tammi,Falkner
93,Kalila,Winnifred
94,Niko,Phedra
95,Griswold,Sharai
96,Rickie,Zonnya
97,Leicester,Dani
98,Lida,Aldin
99,Eda,Jeff
100,Idalina,Aryn
101,Jean,Kailey
102,Moina,Tammi
103,Brannon,Shelton
104,Hedi,Dick
105,Hal,Artemas
106,Barnebas,Nari
107,Clerc,Leigha
108,Olympe,Titus
109,Kelley,Lawrence
110,Rowen,Christoph
111,Imogene,Adolphus
112,Latashia,Booth
113,Annalee,Addison
114,Berny,Janot
115,Gwennie,Petronilla
116,Jud,Corby
117,Caro,Domingo
118,Charlton,Valaree
119,Wilma,Eldin
120,Nonie,Rosamund
121,Nydia,Keefe
122,Grady,Bartholemy
123,Bobina,Ashby
124,Ailey,Sapphire
125,Kalli,Aylmar
126,Zachary,Aurlie
127,Claude,Mohammed
128,Batsheva,Salvatore
129,Jacquelyn,Lily
130,Shannah,Kalina
131,Sergio,Cordie
132,Ethelda,Keriann
133,Iormina,Stephan
134,Shayne,Paulita
135,Danny,Tuck
136,Aeriel,Meredeth
137,Cris,Odelle
138,Kassie,Brande
139,Koo,Lydia
140,Waverley,Karney
141,Yovonnda,Rolando
142,Merridie,Ranee
143,Krista,Ayn
144,Minerva,Stephanie
145,Julie,Fields
146,Verile,Tabor
147,Corena,Nicola
148,Paloma,Andie
149,Sarena,Wendell
150,Margarete,Eyde
151,Hale,Geoffry
152,Davita,Daryle
153,Ches,Eula
154,Jilly,Rycca
155,Minni,Regina
156,Rhonda,Patric
157,Concordia,Ethe
158,Britte,Vite
159,Darda,Lurlene
160,Oralle,Toddie
161,April,Demetria
162,Janel,Janie
163,Garnet,Jock
164,Malanie,Bryn
165,Elsy,Bessy
166,Damian,Justis
167,Willy,Bernardine
168,Krystyna,Ivory
169,Joby,Barri
170,Gerome,Belva
171,Nelia,Corrinne
172,Alidia,Oralia
173,Nevsa,Dasha
174,Florance,Sela
175,Eleanore,Dietrich
176,Iorgos,Matty
177,Gabriella,Mary
178,Maible,Sisile
179,Carly,Vito
180,Catharina,Sid
181,Henriette,Amelia
182,Larine,Geralda
183,Saxe,Ricky
184,Ezechiel,Ladonna
185,Derry,Estell
186,Tallou,Wenda
187,Marylinda,Ardith
188,Rycca,Dicky
189,Kasey,Malva
190,Giulia,Ulick
191,Savina,Erika
192,Carlyle,Felisha
193,Peyter,Shelbi
194,Marylee,Ashleigh
195,Lurlene,Robinett
196,Bronson,Erika
197,Kingston,Lyndell
198,Amata,Orion
199,Walsh,Aura
200,Dael,Jessamine
201,Sherye,Boycie
202,Linea,Gilbertine
203,Melli,Shaun
204,Lilas,Natala
205,Kit,Beulah
206,Jere,Tina
207,Tobit,Braden
208,Gerik,Lenee
209,Vita,Libby
210,Konstance,Rozanne
211,Francine,Killie
212,Blanca,Maury
213,Kaja,Martha
214,Fleming,Danie
215,Yul,Rorie
216,Barbie,Veronike
217,Chloette,Stacee
218,Karlyn,Edithe
219,Ivonne,Dulciana
220,Harriette,Xavier
221,Tommy,Ludovico
222,Vivian,Dasie
223,Jesse,Lisha
224,Aubree,Jan
225,Nerita,Kizzee
226,Evonne,Hobie
227,Caryn,Cinderella
228,Kerri,Johnna
229,Niccolo,Casandra
230,Frants,Hersch
231,Peterus,Thorstein
232,Melly,Daphne
233,Claudetta,Hilton
234,Rusty,Alisander
235,Orson,Dacy
236,Rollie,Wilma
237,Delmor,Kinnie
238,Averell,Alis
239,Maurita,Teodorico
240,Christin,Coral
241,Blondelle,Teodoor
242,Oneida,Abbe
243,Geraldine,Marjorie
244,Dreddy,Auguste
245,Coreen,Vanny
246,Conway,Claiborn
247,Oliy,Jacky
248,Hillary,Catarina
249,Peterus,Armstrong
250,Moise,Myriam
251,Elie,Alf
252,April,Jeanelle
253,Reba,Ninetta
254,Brande,Paton
255,Brietta,Ashla
256,Cob,Hyacintha
257,Roana,Stu
258,Hamil,Alanson
259,Tremayne,Sigmund
260,Geraldine,Jodie
261,Goldia,Verne
262,Lois,Faunie
263,Emelen,Beltran
264,Frederico,Rhianon
265,Lucille,Willyt
266,Lenette,Tracy
267,Stanfield,Darla
268,Westbrooke,Glenden
269,Gracia,Gery
270,Lorine,Nissy
271,Serena,Glenda
272,Vlad,Ardith
273,Glori,Ericha
274,Cleo,Ronnie
275,Claudio,Cosetta
276,Mac,Julieta
277,Kerianne,Angelico
278,Hermy,Toddy
279,Andy,Frannie
280,Artemis,Rachele
281,Edmon,Diena
282,Eugen,Darya
283,Farrah,Lyndsay
284,Murvyn,Vinnie
285,Mavis,Carrie
286,Freddi,Yurik
287,Serge,Lavinia
288,Jenda,Corrina
289,Hedwig,Jere
290,Gale,Dniren
291,Walther,Marion
292,Chandler,Joell
293,Solly,Ruth
294,Egan,Marie
295,Bill,Elwira
296,Sela,Alanah
297,Hewett,Ezekiel
298,Collen,Torrance
299,Marylinda,Fanni
300,Virgie,Juan
301,Charlie,Bride
302,Andi,Alvan
303,Kean,Mel
304,Lorrie,Osbourne
305,Fiorenze,Vally
306,Carter,Sadie
307,Keelia,Sella
308,Dinah,Lane
309,Raoul,Vail
310,Moore,Dollie
311,Lolly,Philomena
312,Saunderson,Byron
313,Whit,Winny
314,Abdul,Gerek
315,Jeffy,Wilt
316,Erny,Royall
317,Cyndia,Batsheva
318,Braden,Brooks
319,Nealon,Scarlet
320,Jehanna,Bonnibelle
321,Clayton,Vanda
322,Monti,Keefer
323,Lorena,Jacquelynn
324,Wadsworth,Sarajane
325,Rafe,Nikaniki
326,Gerianna,Annemarie
327,Sayre,Brand
328,Cloe,Stephie
329,Meier,Matty
330,Tonia,Adriana
331,Therine,Xavier
332,Wilone,Glenine
333,Benedicta,Lacey
334,Jose,Rouvin
335,Louisa,De witt
336,Hyatt,Boycie
337,Terese,Moselle
338,Alfonse,Cynthie
339,Dorian,Roobbie
340,Morgun,Lesya
341,Beverley,Nelly
342,Goldi,Iain
343,Rodrick,Shelton
344,Tadio,Kara
345,Yehudi,Amity
346,Joann,Haslett
347,Cariotta,Martainn
348,Bethena,Veronica
349,Lotty,Adelle
350,Teena,Erinna
351,Bay,Filia
352,Andrew,Dorothy
353,Coretta,Homer
354,Klarika,Winfred
355,Zebulen,Isabel
356,Mychal,Porter
357,Devan,Morry
358,Athene,Penn
359,Hali,Hildegarde
360,Lurlene,Christin
361,Janeczka,Corbett
362,Therine,Booth
363,Ludvig,Cinnamon
364,Abbe,Erin
365,Natalina,Jammal
366,Shem,Eddie
367,Franzen,Ammamaria
368,Irwinn,Aeriel
369,Natale,Giovanna
370,Connor,Grange
371,Blane,Creighton
372,Ciro,Shanna
373,Maryjo,Maje
374,Datha,Richie
375,Rodolfo,Katee
376,Adams,Fey
377,Osborne,Claudette
378,Onofredo,Nicolas
379,Fey,Gallard
380,Archibald,Genia
381,Daniele,Raviv
382,Odessa,Pancho
383,Beret,Derek
384,Pammi,Norton
385,Pat,Binnie
386,Alyssa,Royce
387,Mahala,Dene
388,Kellie,Yvor
389,Doralin,Delly
390,Shawn,Ripley
391,Genny,Miquela
392,Leonard,Jewel
393,Lilian,Susi
394,Nadia,Alexandra
395,Vonni,Jacky
396,Arnoldo,Elva
397,Sharona,Rowan
398,Nat,Theressa
399,Grier,Agosto
400,Heather,Roseanna
401,Claire,Cosmo
402,Blair,Vinny
403,Langston,Kim
404,Evelina,Mariana
405,Oswald,Titos
406,Willdon,Court
407,Kimmi,Brigida
408,Albie,Carolus
409,Syd,Ewen
410,Marielle,Miquela
411,Jaimie,Northrup
412,Benson,Giralda
413,Cordie,Clayborne
414,Serena,Nita
415,Terrill,Eric
416,Jacintha,Homere
417,Egon,Delmor
418,Hakeem,Vincents
419,Kirby,Maje
420,Connor,Dina
421,Dagmar,Kahaleel
422,Davina,Granger
423,Cathie,Kirstin
424,Anabella,Carlie
425,Hubert,Nikkie
426,Jaine,Marta
427,Collie,Kial
428,Corrie,Augustin
429,Lonnie,Liam
430,Pauline,Ronnica
431,Cookie,Gaven
432,Ariana,Wyatt
433,Noemi,Frederico
434,Bone,Bette-ann
435,Weider,Griffy
436,Rees,Kakalina
437,Gay,Dore
438,Jake,Harold
439,Joaquin,Windy
440,Lamond,Sheila-kathryn
441,Ahmed,Skip
442,Celestia,Binnie
443,Gideon,Charissa
444,Annalee,Maddy
445,Livy,Krispin
446,Dasya,Rosana
447,Jeramey,Reinaldo
448,Meagan,Fowler
449,Lina,Thaddus
450,Akim,Wenonah
451,Wanda,Norah
452,Hailey,Tildy
453,Billy,Brew
454,Beilul,Joletta
455,Andras,Nell
456,Marlow,Anderson
457,Hubey,Chere
458,Matti,Genni
459,Kiley,Jocko
460,Lesley,Sophi
461,Davin,Donny
462,Grazia,Chane
463,Natale,Rafaela
464,Jeanine,Joyce
465,Brendon,Natassia
466,Kittie,Donnajean
467,Van,Wilmer
468,Aidan,Germaine
469,Dulcea,Doralyn
470,Brendis,Foster
471,Aeriell,Sherill
472,Kikelia,Noami
473,Maxie,Christina
474,Guillema,Vanni
475,Luis,Gal
476,Rodolfo,Kellie
477,Sutherlan,Damien
478,Norby,Giffer
479,Almeda,Mersey
480,Rolf,Ruby
481,Bucky,Jilli
482,Sumner,Carey
483,Drusi,Del
484,Orville,Lauralee
485,Gay,Derrick
486,Fawnia,Stanislaw
487,Merci,Carrissa
488,Allene,Roseanna
489,Natalee,Goddart
490,Tybalt,Bess
491,Ezequiel,Rafaellle
492,Frederich,Rogerio
493,Guinna,Florentia
494,Sophi,Malissia
495,Booth,Elonore
496,Reginald,Gaven
497,Oswald,Malia
498,Nero,Karola
499,Gerry,Daryn
500,Cindy,Aldric
501,Ethelbert,Jessy
502,Dietrich,Christin
503,Aurie,Fran
504,Rutter,Erhart
505,Revkah,Barnie
506,Jennine,Rickie
507,Rosabelle,Darya
508,Janene,Celeste
509,Kerri,Ethelred
510,Dyana,Beverlee
511,Erma,Laural
512,Cirilo,Puff
513,Tara,Lindsey
514,Gunilla,Aundrea
515,Dael,Loralyn
516,Ileane,Sutherlan
517,Garry,Sharline
518,Jazmin,Avivah
519,Ahmed,Calypso
520,Evania,Archaimbaud
521,Glori,Adham
522,Maggi,Maria
523,Worden,Lauryn
524,Carrol,Tybalt
525,Emmi,Lorraine
526,Patrice,Edik
527,Gardiner,Jonathan
528,Jessey,Dulce
529,Kassi,Yetta
530,Melany,Pavlov
531,Alphard,Sonia
532,Stanfield,Aurilia
533,Zechariah,Pepita
534,Kristyn,Carmella
535,Bren,Vaclav
536,Sophey,Tricia
537,Lynnet,Robinetta
538,Adrianna,Jessalyn
539,Hyacinthia,Petey
540,Linda,Kory
541,Winny,Cindy
542,Sebastian,Marlena
543,Erinna,Carmella
544,Gertrude,Sasha
545,Nealon,Hailey
546,Janene,Christyna
547,Finlay,Audrie
548,Jessie,Juanita
549,Godfrey,Margarete
550,Krishnah,Fonz
551,Krystalle,Jordanna
552,Myrna,Hannie
553,Brana,Dimitry
554,Loleta,Christina
555,Dorian,Reade
556,Wallie,Rufus
557,Cazzie,Nicholas
558,Wolfy,Uriah
559,Johann,Leigh
560,Sheila,Koral
561,Thorpe,Marci
562,Ethelbert,Daisi
563,Mayne,Giuseppe
564,Lane,Christie
565,Berte,Elliot
566,Tawnya,Nola
567,Carroll,Lilian
568,Lorena,Arlene
569,Constancia,Jillene
570,Karlotta,Guillema
571,Danna,Aeriela
572,Whitney,Alisun
573,Cecil,Melodie
574,Rebeka,Klemens
575,Arvie,Jenda
576,Shermie,Rubina
577,Jackie,Leanna
578,Letta,Chariot
579,Yvette,Troy
580,Maryellen,Elinor
581,Nicolis,Lila
582,Katheryn,Walt
583,Hodge,Erwin
584,Michell,Ilsa
585,Marcellus,Sherwynd
586,Staci,Jim
587,Tarah,Merrili
588,Katlin,Dieter
589,Amble,Gun
590,Ruby,Melania
591,Reggis,Klara
592,Nikolas,Romy
593,Hynda,Jewell
594,Desmund,Enrica
595,Ilse,Estell
596,Ethelbert,Joanna
597,Allegra,Alleen
598,Jaquith,Morey
599,Farley,Jayme
600,Alisha,Shirline
601,Steve,Slade
602,Jard,York
603,Maxy,Elonore
604,Almeria,Dougy
605,Sherline,Lelah
606,Ferdie,Bevan
607,Minda,Nanice
608,Bernarr,Garrett
609,Luke,Sofia
610,Blondy,Alys
611,Thorvald,Gonzales
612,Myrna,Filide
613,Annecorinne,Preston
614,Dimitri,Emelita
615,Denni,Dave
616,Brandtr,Anatol
617,Ephraim,Gerrard
618,Laryssa,Rube
619,Thomasine,Jacquetta
620,Seth,Red
621,Roda,Rianon
622,Emilia,Dottie
623,Chery,Simeon
624,Maurise,Dehlia
625,Adore,Edlin
626,Cyrill,Zenia
627,Marlane,Leodora
628,Fletcher,Coriss
629,Van,Dania
630,Prentice,Noe
631,Merridie,Lolly
632,Kassi,Camellia
633,Ginnifer,Dorothea
634,Esmeralda,Carole
635,Merridie,Blondy
636,Filmore,Judd
637,Terri,Celestia
638,Malissa,Erv
639,Karney,Veronike
640,Katrina,Saudra
641,Clay,Alfons
642,Leila,Rees
643,Alaine,Laverne
644,Harley,Kirk
645,Doralin,Cher
646,Juana,Dorolisa
647,Evin,Alasdair
648,Penn,Stirling
649,Angelika,Allina
650,Niel,Selina
651,Vonny,Kippy
652,Elden,Thurstan
653,Cassey,Malissia
654,Cathy,Dewain
655,Lynelle,Raimondo
656,Suzie,Irina
657,Joletta,Ulla
658,Chilton,Avivah
659,Retha,Noella
660,Camel,Lucille
661,Maureene,Barn
662,Christiana,Martynne
663,Allan,Olin
664,Brigitta,Kevon
665,Gisela,Moselle
666,Desdemona,Chancey
667,Aime,Melany
668,George,Shelagh
669,Shir,Darb
670,Ania,Chane
671,Hildagarde,Julienne
672,Paloma,Bendite
673,Fabio,Drusie
674,Walden,Evie
675,Faye,Barthel
676,Angie,Nonah
677,Haroun,Haslett
678,Ivar,Aloysia
679,Charley,Minda
680,Amity,Staford
681,Audi,Herculie
682,Garnette,Delphine
683,Herve,Celinda
684,Rowland,Gal
685,Dominique,Doralyn
686,Letizia,Roger
687,Wit,Selle
688,Nickola,Danila
689,Kippar,Meaghan
690,Editha,Loise
691,Andrea,Minna
692,Lester,Chrissie
693,Faustine,Lotti
694,Maxine,Cristina
695,Elmo,Reed
696,Clio,Ranna
697,Carmen,Dniren
698,Eldin,Tybalt
699,Dario,Milicent
700,Creight,Rustin
701,Sonni,Kissee
702,Tarah,Darrell
703,Winni,Korney
704,Fee,Maxy
705,Brena,Andre
706,Julia,Sherlocke
707,Mil,Wildon
708,Cathrin,Micheal
709,Everard,Geoff
710,Egon,Teressa
711,Etan,Gerta
712,Kerrill,Janela
713,Raddie,Stacee
714,Zebulon,Lauryn
715,Meir,Jay
716,Blaire,Sasha
717,Philbert,Kylila
718,Chlo,Tonia
719,Fields,Lindsey
720,Stacy,Joshuah
721,Naomi,Filia
722,Derril,Fiorenze
723,Cinnamon,Katrinka
724,Jemimah,Nicky
725,Terry,Gert
726,Annis,Mose
727,Bette-ann,Engracia
728,Miranda,Bobby
729,Holly-anne,Paten
730,Mill,Judy
731,Matt,Whit
732,Fionnula,Elly
733,Teodora,Wright
734,Garreth,Ruperto
735,Ester,Gifford
736,Micky,Bartel
737,Ronni,Nonnah
738,Dasya,Michel
739,Ina,Delmar
740,Morgen,Ellsworth
741,Maryanne,Laurene
742,Stephannie,Galen
743,Ilse,Ashbey
744,Anders,Coletta
745,Torie,Romola
746,Francoise,Charlton
747,Kevin,Mal
748,Rahel,Jocelyn
749,Bordy,Jonathan
750,Wood,Maxim
751,Gradeigh,Nikoletta
752,Sada,Adara
753,Isidro,Esdras
754,Yehudi,Norri
755,Uriel,Frankie
756,Binnie,Yankee
757,Oneida,Doroteya
758,Marietta,Tiff
759,Sloan,Charmaine
760,Rosetta,Flore
761,Debbi,Ronna
762,Broderic,Ancell
763,Lonny,Benedetta
764,Vincents,Anna-maria
765,Eleonore,Orv
766,Lula,Sherlock
767,Kania,Annie
768,Joline,Neysa
769,Godwin,Karina
770,Binky,Mehetabel
771,Lilyan,Ophelie
772,Leif,Dana
773,Guthrie,Thomasina
774,Jean,Kessia
775,Oralle,Teresita
776,Jessamine,Wilfred
777,Berkeley,Fancy
778,Francis,Jessie
779,Cherida,Egor
780,Cass,Matthus
781,Delmore,David
782,Cortie,Gwennie
783,Desmond,Orlando
784,Jasen,Stavro
785,Greer,Erhard
786,Juan,Jackquelin
787,Basilius,Suzy
788,Wilhelm,Retha
789,Frederick,Ara
790,Evy,Dinah
791,Prentice,Stormie
792,Buck,Libbi
793,Mose,Torey
794,Jaymie,Koren
795,Jackqueline,Lindsey
796,Josefa,Pearline
797,See,Myrna
798,Zenia,Caryl
799,Jerrilyn,Tersina
800,Marin,Elisabet
801,Aile,Ranique
802,Gordy,Hebert
803,Halley,Missy
804,Gabriellia,Dave
805,Francine,Saxon
806,Chris,Norrie
807,Christoffer,Harli
808,Bone,Charline
809,Linnell,Iver
810,Elana,Melita
811,Sunny,Simonette
812,Maritsa,Biron
813,Gabie,Gan
814,Nelle,Julie
815,Timothee,Erskine
816,Rhodia,Benyamin
817,Marie,Beverie
818,Evy,Carole
819,Raina,Darlene
820,Gerardo,Katerina
821,Blinny,Leonidas
822,Joyan,Petronille
823,Livvyy,Velvet
824,Pennie,Ly
825,Katharyn,Muffin
826,Kalindi,Fannie
827,Allan,Kath
828,Rosaline,Harlene
829,Johny,Kev
830,Angelina,Ronnie
831,Harrietta,Nollie
832,Suellen,Dallas
833,Andreana,Consuelo
834,Orrin,Kiersten
835,Chuck,Miranda
836,Clarinda,Mel
837,Gaven,Shandy
838,Stormi,Neila
839,Asher,Janetta
840,Sheeree,Carolus
841,Shepherd,Fanchon
842,Rosco,Celesta
843,Curt,Lazar
844,Chet,Charleen
845,Cindi,Eleanor
846,Abraham,Sascha
847,Ruth,Leanora
848,Anni,Jsandye
849,Adham,Geri
850,Tybie,Dacy
851,Laughton,Deirdre
852,Matthew,Lucille
853,Tandie,Davita
854,Roma,Filmore
855,Alexandr,Guglielma
856,Elora,Sonia
857,Roman,Neely
858,Eugenia,Clerissa
859,Pryce,Nanete
860,Jessica,Faina
861,Kennan,Nelson
862,Brandise,Meara
863,Gilberte,Helenka
864,Bill,Cull
865,Janot,Melony
866,Rakel,Adelbert
867,Jeth,Berkeley
868,Pennie,Tracie
869,Gnni,Emlyn
870,Derrik,Tiphany
871,Timothy,Carling
872,Galven,Marie
873,Karisa,Zorine
874,Dana,Temp
875,Jefferson,Ailis
876,Roldan,Aigneis
877,Dorry,Florrie
878,Meryl,Ham
879,Jacquelynn,Alys
880,Ira,Mei
881,Ira,Ilsa
882,Valaree,Jayson
883,Allegra,Tremaine
884,Robinette,Nanette
885,Danita,Carmelita
886,Cy,Michale
887,Waite,Hayley
888,Fabian,Boycie
889,Katina,Marchall
890,Vasili,Alfonso
891,Veronika,Carin
892,Luz,Barnabe
893,Maighdiln,Doy
894,Garret,Reyna
895,Kit,Annissa
896,Ernesta,Celestina
897,Viole,Tallie
898,Beniamino,Cynthie
899,Teodoro,Evangeline
900,Noellyn,Elsworth
901,Jens,Hugo
902,Lotte,Kelly
903,Jodi,Gallagher
904,Kenn,Ganny
905,Florance,Rowney
906,Delcine,Andre
907,Jinny,Giffie
908,Sherwynd,Leroi
909,Dari,Bone
910,Way,Arda
911,Bat,Eimile
912,Tobi,Yul
913,Vasilis,Allin
914,Miner,Janie
915,Lorrin,Roana
916,Novelia,Irena
917,Adams,Tudor
918,Mendy,Bernita
919,Michaela,Lilllie
920,Arden,Hurley
921,Latashia,Marj
922,Lorelle,Peggy
923,Farley,William
924,Zahara,Lilias
925,Chiquita,Ruprecht
926,Filmore,Vanya
927,Leila,Lennie
928,Bradney,Arty
929,Noemi,Lynn
930,Maudie,Gherardo
931,Vinny,Sandor
932,Sharai,Wayland
933,Lulita,Clio
934,Vivienne,Tim
935,Gauthier,Sig
936,Darbee,Lu
937,Bailey,Ethelda
938,Byram,Aile
939,Allx,Dom
940,Dru,Charil
941,Mar,Delainey
942,Constancy,Nick
943,Rochella,Riki
944,Laurent,Cosetta
945,Christal,Roze
946,Ewell,Shayla
947,Jordan,Estevan
948,Justine,Harmonia
949,Correna,Marcelle
950,Samaria,Fred
951,Dara,Izaak
952,Bobbye,Linoel
953,Eli,Redd
954,Juieta,Ardys
955,Flora,Annie
956,Abbott,Lesley
957,Miquela,Loralie
958,Gaspard,Curcio
959,Jaimie,Isabella
960,Javier,Emmy
961,Maryann,Liuka
962,Thornton,Ronnie
963,Hansiain,Fleurette
964,Delora,Norene
965,Paige,Ilyse
966,Crysta,Rickey
967,Tedda,Agustin
968,Jaclin,Siusan
969,Hillary,Marilyn
970,Byrann,Maurizia
971,Alejoa,Hallsy
972,Pauline,Luther
973,Sunshine,Giacomo
974,Jeni,Ferguson
975,Zacherie,Pattin
976,Felicia,Sonnnie
977,Mile,Winna
978,Jany,Myrle
979,Florance,Shantee
980,Elissa,Arie
981,Chevy,Dunstan
982,Carolina,Eben
983,Nonna,Chandler
984,Quintus,Orazio
985,Thorsten,Merilyn
986,Morganne,Vail
987,Dennis,Bertie
988,Hope,Giulio
989,Bill,Kennedy
990,Merwyn,Legra
991,Berna,Francklyn
992,Celestyn,Rhianna
993,Kassandra,Kristyn
994,Jacques,Myriam
995,Malvin,Griz
996,Ado,Modesty
997,Rey,Rriocard
998,Wyatan,Babb
999,Howie,Jaine
1000,Tomaso,Abigael
